,name_hotel,price,adress_hotel,appreciation_hotel,review_hotel,nb_exp_vecu_hotel
0,Au Clos du Coteau,"Choisissez votre devise.
Votre devise actuelle est celle-ci : Euro.","Crotelles


Indiquer sur la carte",Fabuleux,"9,4",145 expériences vécues
1,Hotel Elysée Gare de Lyon,"Choisissez votre langue.
Votre langue actuelle est celle-ci : Français.","12e arr., Paris


Indiquer sur la carte



Proche du métro",Très bien,"8,2",832 expériences vécues
2,Résidence Les Cascades,Obtenez de l'aide concernant votre réservation,"Le Mont-Dore


Indiquer sur la carte",Très bien,"8,5",123 expériences vécues
3,Select Hotel,Personnes max.: 2,"5e arr., Paris


Indiquer sur la carte



Proche du métro",Fabuleux,"9,0",1 527 expériences vécues
4,Pullman Paris Montparnasse,"Tarif
€ 600","14e arr., Paris


Indiquer sur la carte



Proche du métro",Très bien,"8,0",269 expériences vécues
5,Hôtel Paris Louvre Opéra,Personnes max.: 2,"1er arr., Paris


Indiquer sur la carte



Proche du métro",Très bien,"8,3",350 expériences vécues
6,Hôtel La Diligence,"Tarif
€ 974","Le Brignon


Indiquer sur la carte",Fabuleux,"9,0",143 expériences vécues
7,Hôtel du Soleil,Personnes max.: 8,"Aillon-le-Jeune


Indiquer sur la carte",Très bien,"8,4",3 661 expériences vécues
8,Elysées Ceramic,"Tarif
€ 595","8e arr., Paris


Indiquer sur la carte



Proche du métro",Exceptionnel,"9,5",380 expériences vécues
9,Oudoty,Personnes max.: 2,"Kerlouan


Indiquer sur la carte",Très bien,"8,4",201 expériences vécues
10,Hotel Les Terres Blanches,"Tarif
€ 759","Chatou


Indiquer sur la carte",Superbe,"8,8",197 expériences vécues
11,HOTEL L'AMERIVIERE***,Personnes max.: 2,"Aubrives


Indiquer sur la carte",Fabuleux,"9,0",898 expériences vécues
12,Chateau de Briançon,"Tarif
€ 1 071","Bauné


Indiquer sur la carte",Très bien,"8,5",58 expériences vécues
13,Les Temps Perdus,Personnes max.: 2,"Préhy


Indiquer sur la carte",Bien,"7,8",55 expériences vécues
14,logis Paul Massy,"Tarif
€ 1 314","Meschers-sur-Gironde


Indiquer sur la carte",Fabuleux,"9,3",104 expériences vécues
15,Les Ecuries du SEQUE,Personnes max.: 2,"Saint-Martin-de-Seignanx


Indiquer sur la carte",Fabuleux,"9,1",47 expériences vécues
16,Gites d'Armor,"Tarif
€ 346","Treguidel


Indiquer sur la carte",Très bien,"8,3",562 expériences vécues
17,"The Originals Boutique, Hôtel Le Lion d'Or, Fougères Ouest (Inter-Hotel)",Vous recevrez un crédit de € 24 valable pendant 1 an. Il sera ajouté à votre Portefeuille 14 jours après votre départ de l'établissement.,"Saint-Brice-en-Coglès


Indiquer sur la carte",Très bien,"8,3",511 expériences vécues
18,Brit Hotel Saumur,Personnes max.: 5,"Distré


Indiquer sur la carte",Bien,"7,3",7 expériences vécues
19,Moulin de Fourges,"Tarif
€ 929","Fourges


Indiquer sur la carte",Exceptionnel,"9,6",132 expériences vécues
20,La Maison Jaune à la Janaie,Vous recevrez un crédit de € 64 valable pendant 1 an. Il sera ajouté à votre Portefeuille 14 jours après votre départ de l'établissement.,"Parigné


Indiquer sur la carte",Fabuleux,"9,3",86 expériences vécues
21,Sanskriti,Personnes max.: 2,"Scionzier


Indiquer sur la carte",Très bien,"8,1",1 278 expériences vécues
22,Hotel Roi Soleil Strasbourg Mundolsheim,"Tarif
€ 734","Mundolsheim


Indiquer sur la carte",Superbe,"8,8",562 expériences vécues
23,Ace Hotel Creutzwald Saint Avold,Personnes max.: 2,"Creutzwald-la-Croix


Indiquer sur la carte",Fabuleux,"9,1",101 expériences vécues
24,Manoir de la Presle Ornella et Stéphane,"Tarif
€ 395","Le Blanc


Indiquer sur la carte",Très bien,"8,5",495 expériences vécues
25,Au Petit Bonheur,Vous recevrez un crédit de € 28 valable pendant 1 an. Il sera ajouté à votre Portefeuille 14 jours après votre départ de l'établissement.,"La Tranche-sur-Mer


Indiquer sur la carte",Bien,"7,9",1 224 expériences vécues
26,"The Originals City, Hôtel Morlaix Ouest (Inter-Hotel)",Personnes max.: 2,"Saint-Martin-des-Champs


Indiquer sur la carte",Fabuleux,"9,0",37 expériences vécues
27,La Grenouillere,"Tarif
€ 775","Portes


Indiquer sur la carte",Très bien,"8,4",143 expériences vécues
28,Chalet-Hotel Starlight,Vous recevrez un crédit de € 54 valable pendant 1 an. Il sera ajouté à votre Portefeuille 14 jours après votre départ de l'établissement.,"Morzine


Indiquer sur la carte",Superbe,"8,6",1 906 expériences vécues
29,Ace Hotel Troyes,Personnes max.: 2,"Saint-André-les-Vergers


Indiquer sur la carte",Très bien,"8,0",1 096 expériences vécues
30,Hôtel Roi Soleil Mulhouse-Kingersheim,"Tarif
€ 400","Kingersheim


Indiquer sur la carte",Très bien,"8,1",580 expériences vécues
31,ACE Hôtel Vendée Saint Hermine,Vous recevrez un crédit de € 27 valable pendant 1 an. Il sera ajouté à votre Portefeuille 14 jours après votre départ de l'établissement.,"Sainte-Hermine


Indiquer sur la carte",Bien,"7,3",728 expériences vécues
32,Campanile Cergy-Pontoise,Personnes max.: 2,"Pontoise


Indiquer sur la carte",Très bien,"8,4",394 expériences vécues
33,Hôtel A casa di Maria Cicilia,"Tarif
€ 450","Ghisonaccia


Indiquer sur la carte",Superbe,"8,6",140 expériences vécues
34,Le Petit Keriquel,Vous recevrez un crédit de € 32 valable pendant 1 an. Il sera ajouté à votre Portefeuille 14 jours après votre départ de l'établissement.,"La Chapelle-Caro


Indiquer sur la carte",Bien,"7,1",470 expériences vécues
35,ibis Strasbourg Aéroport Le Zénith,Personnes max.: 2,"Lingolsheim


Indiquer sur la carte",Bien,"7,1",661 expériences vécues
36,Terres de France - Le Domaine de Bacchus,"Tarif
€ 420","Saint-Christol


Indiquer sur la carte",Bien,"7,0",1 068 expériences vécues
37,Comfort Hotel Etampes,Vous recevrez un crédit de € 29 valable pendant 1 an. Il sera ajouté à votre Portefeuille 14 jours après votre départ de l'établissement.,"Étampes


Indiquer sur la carte",Note,"6,7",862 expériences vécues
38,hotelF1 Igny Massy TGV,Personnes max.: 2,"Igny


Indiquer sur la carte",Bien,"7,4",441 expériences vécues
39,Hôtel Confort Le Moulin Rouge,"Tarif
€ 315","Terrasson


Indiquer sur la carte",Fabuleux,"9,3",45 expériences vécues
40,LA VEUZAINE,Vous recevrez un crédit de € 21 valable pendant 1 an. Il sera ajouté à votre Portefeuille 14 jours après votre départ de l'établissement.,"Onzain


Indiquer sur la carte",Bien,"7,1",908 expériences vécues
41,"The Originals City, Hôtel Ikar, Blois Sud (Inter-Hotel)",Personnes max.: 2,"Saint-Gervais-la-Forêt


Indiquer sur la carte",Fabuleux,"9,3",45 expériences vécues
42,Domaine des Etangs,"Tarif
€ 462","Massignac


Indiquer sur la carte",Bien,"7,0",1 378 expériences vécues
43,Campanile Melun Sud - Dammarie les Lys,Vous recevrez un crédit de € 30 valable pendant 1 an. Il sera ajouté à votre Portefeuille 14 jours après votre départ de l'établissement.,"Melun


Indiquer sur la carte",Note,"6,9",557 expériences vécues
44,Logis Le Grand Hôtel du Louvre,Personnes max.: 2,"Valognes


Indiquer sur la carte",Bien,"7,9",41 expériences vécues
45,DESTINATION malouinière de launay blot,"Tarif
€ 1 170","Baguer-Morvan


Indiquer sur la carte",Très bien,"8,3",831 expériences vécues
46,Ace Hotel Roanne,Vous recevrez un crédit de € 81 valable pendant 1 an. Il sera ajouté à votre Portefeuille 14 jours après votre départ de l'établissement.,"Mably


Indiquer sur la carte",Très bien,"8,4",366 expériences vécues
47,hôtel Logis La Crémaillère,Personnes max.: 2,"Saint-Bonnet-en-Champsaur


Indiquer sur la carte",Fabuleux,"9,1",138 expériences vécues
48,Le Puy Carmin - Chambre d'hôtes avec jacuzzi,"Tarif
€ 409","Bazoges-en-Paillers


Indiquer sur la carte",Très bien,"8,1",129 expériences vécues
49,Domaine de Garabaud,Personnes max.: 2,"Mazères


Indiquer sur la carte",Fabuleux,"9,3",45 expériences vécues
50,LA VEUZAINE,"Tarif
€ 295","Onzain


Indiquer sur la carte",Bien,"7,1",908 expériences vécues
51,"The Originals City, Hôtel Ikar, Blois Sud (Inter-Hotel)",Personnes max.: 2,"Saint-Gervais-la-Forêt


Indiquer sur la carte",Fabuleux,"9,3",45 expériences vécues
52,Domaine des Etangs,"Tarif
€ 683","Massignac


Indiquer sur la carte",Bien,"7,0",1 378 expériences vécues
53,Campanile Melun Sud - Dammarie les Lys,Vous recevrez un crédit de € 47 valable pendant 1 an. Il sera ajouté à votre Portefeuille 14 jours après votre départ de l'établissement.,"Melun


Indiquer sur la carte",Note,"6,9",557 expériences vécues
54,Logis Le Grand Hôtel du Louvre,Personnes max.: 2,"Valognes


Indiquer sur la carte",Bien,"7,9",41 expériences vécues
55,DESTINATION malouinière de launay blot,"Tarif
€ 606","Baguer-Morvan


Indiquer sur la carte",Très bien,"8,3",831 expériences vécues
56,Ace Hotel Roanne,Vous recevrez un crédit de € 42 valable pendant 1 an. Il sera ajouté à votre Portefeuille 14 jours après votre départ de l'établissement.,"Mably


Indiquer sur la carte",Très bien,"8,4",366 expériences vécues
57,hôtel Logis La Crémaillère,Personnes max.: 2,"Saint-Bonnet-en-Champsaur


Indiquer sur la carte",Fabuleux,"9,1",138 expériences vécues
58,Le Puy Carmin - Chambre d'hôtes avec jacuzzi,"Tarif
€ 445","Bazoges-en-Paillers


Indiquer sur la carte",Très bien,"8,1",129 expériences vécues
59,Domaine de Garabaud,Vous recevrez un crédit de € 31 valable pendant 1 an. Il sera ajouté à votre Portefeuille 14 jours après votre départ de l'établissement.,"Mazères


Indiquer sur la carte",Bien,"7,7",602 expériences vécues
60,Kyriad Grenoble Eybens Parc des Expositions,Personnes max.: 2,"Eybens


Indiquer sur la carte",Très bien,"8,1",491 expériences vécues
61,Terres de France - Les Hameaux des Marines,"Tarif
€ 257","Saint-Denis-dʼOléron


Indiquer sur la carte",Fabuleux,"9,0",1 227 expériences vécues
62,Campanile Laval Nord,Personnes max.: 2,"Changé


Indiquer sur la carte",Très bien,"8,0",611 expériences vécues
63,Hôtel 2 Vallées,"Tarif
€ 295","Thourotte


Indiquer sur la carte",Bien,"7,8",85 expériences vécues
64,Lagrange Vacances Les Mazets de Gaujac,Personnes max.: 2,"Gaujac


Indiquer sur la carte",Bien,"7,4",546 expériences vécues
65,Fabrègues Hotel A9 Montpellier Sud,"Tarif
€ 531","Fabrègues


Indiquer sur la carte",Très bien,"8,0",235 expériences vécues
66,Auberge de France,"Choisissez votre devise.
Votre devise actuelle est celle-ci : Euro.","Kruth


Indiquer sur la carte",Très bien,"8,3",221 expériences vécues
67,Hotel du Pont de l'Oso,"Choisissez votre langue.
Votre langue actuelle est celle-ci : Français.","Lecci, Cala Rossa


Indiquer sur la carte",Bien,"7,6",260 expériences vécues
68,Comfort Hotel Cachan Paris Sud,Obtenez de l'aide concernant votre réservation,"Cachan


Indiquer sur la carte",Superbe,"8,6",597 expériences vécues
69,Brit Hotel Bordeaux Arena,Personnes max.: 2,"Latresne


Indiquer sur la carte",Très bien,"8,3",1 292 expériences vécues
70,B&B Hôtel Troyes Magasins d'usine,"Tarif
€ 373","Lavau


Indiquer sur la carte",Bien,"7,9",860 expériences vécues
71,Kyriad Libourne Saint Emilion,Personnes max.: 2,"Arveyres


Indiquer sur la carte",Bien,"7,8",368 expériences vécues
72,La Ruche,"Tarif
€ 313","Rolleboise


Indiquer sur la carte",Superbe,"8,6",186 expériences vécues
73,Hotel de L'Esperance,Personnes max.: 2,"5e arr., Paris


Indiquer sur la carte



Proche du métro",Bien,"7,4",694 expériences vécues
74,Hotel Dorele,"Tarif
€ 515","Montargis


Indiquer sur la carte",Superbe,"8,8",697 expériences vécues
75,Best Western Le Beffroi,Vous recevrez un crédit de € 36 valable pendant 1 an. Il sera ajouté à votre Portefeuille 14 jours après votre départ de l'établissement.,"Loos, Loos


Indiquer sur la carte",Exceptionnel,"9,8",163 expériences vécues
76,Château de Maraval,Personnes max.: 2,"Cénac-et-Saint-Julien


Indiquer sur la carte",Très bien,"8,2",452 expériences vécues
77,Auberge de Marville,"Tarif
€ 1 210","Marville


Indiquer sur la carte",Bien,"7,6",771 expériences vécues
78,Campanile Saint-Brieuc Langueux,Vous recevrez un crédit de € 84 valable pendant 1 an. Il sera ajouté à votre Portefeuille 14 jours après votre départ de l'établissement.,"Langueux


Indiquer sur la carte",Superbe,"8,7",51 expériences vécues
79,"La Forge, Roquebrun - Chambre d'hôte",Personnes max.: 2,"Roquebrun


Indiquer sur la carte",Fabuleux,"9,2",48 expériences vécues
80,La Maison du Parc,"Tarif
€ 334","Saint-Raphaël


Indiquer sur la carte",Très bien,"8,0",223 expériences vécues
81,Hôtel Aix Sainte Victoire,Personnes max.: 2,"Rousset


Indiquer sur la carte",Superbe,"8,8",87 expériences vécues
82,Les Logis de la Seugne,"Tarif
€ 258","Saint-Germain-de-Lusignan


Indiquer sur la carte",Exceptionnel,"9,5",21 expériences vécues
83,Domaine de Bel Ebat,Personnes max.: 2,"Paucourt


Indiquer sur la carte",Superbe,"8,9",149 expériences vécues
84,Les Glières - Champagny-en-Vanoise,"Tarif
€ 320","Champagny-en-Vanoise


Indiquer sur la carte",Très bien,"8,4",531 expériences vécues
85,Hôtel de La Vallée,Personnes max.: 2,"Ornans


Indiquer sur la carte",Fabuleux,"9,0",37 expériences vécues
86,Eden marine,"Tarif
€ 436","Montalieu-Vercieu


Indiquer sur la carte",Note,"6,9",666 expériences vécues
87,Kyriad Sannois - Ermont,Personnes max.: 2,"Sannois


Indiquer sur la carte",Superbe,"8,7",841 expériences vécues
88,Ace Hôtel Toulouse Blagnac,"Tarif
€ 369","Cornebarrieu


Indiquer sur la carte",Très bien,"8,1",935 expériences vécues
89,Mercure Orléans Portes de Sologne,Personnes max.: 2,"Ardon


Indiquer sur la carte",Superbe,"8,8",78 expériences vécues
90,Residence du marche,"Tarif
€ 457","Jonzac


Indiquer sur la carte",Très bien,"8,1",588 expériences vécues
91,Hôtel La Villa Lorraine,Personnes max.: 2,"Toul


Indiquer sur la carte",Superbe,"8,6",563 expériences vécues
92,Logis Hôtel Restaurant De La Poste et SPA de Montagne,"Tarif
€ 225","Le Bonhomme


Indiquer sur la carte",Très bien,"8,5",1 125 expériences vécues
93,Ace Hôtel Angers,Personnes max.: 2,"Saint-Barthélemy-dʼAnjou


Indiquer sur la carte",Bien,"7,1",397 expériences vécues
94,Comfort Hotel Pithiviers,"Tarif
€ 485","Pithiviers


Indiquer sur la carte",Fabuleux,"9,1",112 expériences vécues
95,Domaine du Commandeur,Personnes max.: 2,"Mondragon


Indiquer sur la carte",Fabuleux,"9,4",100 expériences vécues
96,mon château en Berry,"Tarif
€ 279","Les Aix-dʼAngillon


Indiquer sur la carte",Très bien,"8,4",292 expériences vécues
97,Best Western Hôtel Journel Paris Sud,Personnes max.: 2,"Ris-Orangis


Indiquer sur la carte",Bien,"7,9",142 expériences vécues
98,"La Ferme Blanche, The Originals Relais (Relais du Silence)","Tarif
€ 324","Lompret


Indiquer sur la carte",Très bien,"8,5",159 expériences vécues
99,Hôtel Le Val Du Tech,Personnes max.: 2,"Prats-de-Mollo-la-Preste


Indiquer sur la carte",Très bien,"8,4",1 201 expériences vécues
100,B&B Hotel ANNEMASSE Saint-Cergues,"Tarif
€ 205","Saint-Cergues


Indiquer sur la carte",Superbe,"8,8",305 expériences vécues
101,Hotel Les Oliviers,Personnes max.: 2,"Fayence


Indiquer sur la carte",Fabuleux,"9,0",611 expériences vécues
102,Hattonchatel Château & Restaurant La Table du Château,"Tarif
€ 483","Hattonchâtel


Indiquer sur la carte",Bien,"7,5",196 expériences vécues
103,Le Grand Hotel de Plombières by Popinns,Vous recevrez un crédit de € 33 valable pendant 1 an. Il sera ajouté à votre Portefeuille 14 jours après votre départ de l'établissement.,"Plombières-les-Bains


Indiquer sur la carte",Bien,"7,2",713 expériences vécues
104,Campanile Bordeaux Ouest - Le Bouscat,Personnes max.: 2,"Le Bouscat


Indiquer sur la carte",Bien,"7,8",453 expériences vécues
105,Ibis Roanne Le Coteau Hotel Restaurant,"Tarif
€ 308","Le Coteau


Indiquer sur la carte",Bien,"7,4",728 expériences vécues
106,Le Vallon du Perche,Personnes max.: 2,"Champeaux-sur-Sarthe


Indiquer sur la carte",Bien,"7,3",520 expériences vécues
107,Logis hôtel du Beffroi Gravelines Dunkerque,"Tarif
€ 2 760","Gravelines


Indiquer sur la carte",Superbe,"8,7",402 expériences vécues
108,Campanile Lorient - Lanester,Vous recevrez un crédit de € 192 valable pendant 1 an. Il sera ajouté à votre Portefeuille 14 jours après votre départ de l'établissement.,"Lanester


Indiquer sur la carte",Bien,"7,9",374 expériences vécues
109,"The Originals City, Hôtel Les Caps, Saint-Brieuc Est (Inter-Hotel)",Personnes max.: 2,"Lamballe


Indiquer sur la carte",Bien,"7,8",408 expériences vécues
110,Terres de France - Les Hameaux des Lacs,"Tarif
€ 337","Monclar-de-Quercy


Indiquer sur la carte",Bien,"7,6",1 216 expériences vécues
111,Hotel Restaurant Le Clos,Personnes max.: 2,"Besse-et-Saint-Anastaise


Indiquer sur la carte",Très bien,"8,1",382 expériences vécues
112,Campanile Dijon Est - Saint Apollinaire,"Tarif
€ 344","Saint-Apollinaire


Indiquer sur la carte",Superbe,"8,9",1 513 expériences vécues
113,"La Berteliere, The Originals Relais (Qualys-Hotel)",Personnes max.: 2,"Saint-Martin-du-Vivier


Indiquer sur la carte",Bien,"7,2",563 expériences vécues
114,Best Western le Sémaphore,"Tarif
€ 653","Rang-du-Fliers


Indiquer sur la carte",Superbe,"8,9",723 expériences vécues
115,Cerise Chatou,Personnes max.: 2,"Chatou


Indiquer sur la carte",Très bien,"8,4",558 expériences vécues
116,Hôtel Aiglon,"Tarif
€ 292","14e arr., Paris


Indiquer sur la carte



Proche du métro",Bien,"7,0",520 expériences vécues
117,La Bastide du Calalou; BW Signature Collection,Personnes max.: 2,"Moissac-Bellevue


Indiquer sur la carte",Bien,"7,7",661 expériences vécues
118,La Croix Blanche,"Tarif
€ 338","Montrichard


Indiquer sur la carte",Très bien,"8,5",150 expériences vécues
119,Savoie Hotel aux portes de Genève,Personnes max.: 2,"Saint-Julien-en-Genevois


Indiquer sur la carte",Bien,"7,9",136 expériences vécues
120,Le Petit Trianon et le Charme des Suites,"Tarif initial
€ 647
Tarif actuel
€ 551","Centre-ville de Nice, Nice


Indiquer sur la carte",Bien,"7,6",247 expériences vécues
121,Lagrange Vacances L'Ecrin des Sybelles,Vous recevrez un crédit de € 38 valable pendant 1 an. Il sera ajouté à votre Portefeuille 14 jours après votre départ de l'établissement.,"La Toussuire


Indiquer sur la carte",Fabuleux,"9,0",85 expériences vécues
122,Hôtel Restaurant Des Roches,Personnes max.: 2,"Saales


Indiquer sur la carte",Très bien,"8,1",441 expériences vécues
123,Domaine de Chantemerle,"Tarif
€ 299","Moutiers-sous-Chantemerle


Indiquer sur la carte",Très bien,"8,2",172 expériences vécues
124,Best Western L'Oree,"Choisissez votre devise.
Votre devise actuelle est celle-ci : Euro.","Saulx-les-Chartreux


Indiquer sur la carte",Très bien,"8,3",742 expériences vécues
125,Lagrange Vacances Les Chalets d'Emeraude,"Choisissez votre langue.
Votre langue actuelle est celle-ci : Français.","Hauteluce


Indiquer sur la carte",Superbe,"8,6",582 expériences vécues
126,B&B Hôtel METZ Est Technopole Pôle Santé,Obtenez de l'aide concernant votre réservation,"Ars-Laquenexy


Indiquer sur la carte",Très bien,"8,0",253 expériences vécues
127,Brit Hotel Brive La Gaillarde - Restaurant La Limousine,Personnes max.: 2,"Malemort-sur-Corrèze


Indiquer sur la carte",Très bien,"8,0",542 expériences vécues
128,Hotel Du Chateau,"Tarif
€ 483","Combourg


Indiquer sur la carte",Très bien,"8,3",490 expériences vécues
129,Hôtel Restaurant Résidence,Personnes max.: 2,"Nissan-lez-Enserune


Indiquer sur la carte",Fabuleux,"9,4",26 expériences vécues
130,"The Originals City, Hôtel Rey du Mont Sion, Saint-Julien-en-Genevois Sud (Inter-Hotel)","Tarif
€ 308","Saint-Blaise


Indiquer sur la carte",Bien,"7,6",253 expériences vécues
131,Alpen Lounge,Personnes max.: 2,"Servoz


Indiquer sur la carte",Très bien,"8,3",81 expériences vécues
132,Lagrange Vacances Les Chalets du Mont Blanc,"Tarif
€ 2 760","Hauteluce


Indiquer sur la carte",Superbe,"8,8",393 expériences vécues
133,Résidence Val de Jade By Actisource,Personnes max.: 2,"Luchon


Indiquer sur la carte",Très bien,"8,5",235 expériences vécues
134,Hôtel Restaurant Rodier,"Tarif
€ 337","Campagnac


Indiquer sur la carte",Bien,"7,9",676 expériences vécues
135,Hôtel du Bourg,Personnes max.: 2,"Valmorel


Indiquer sur la carte",Exceptionnel,"9,8",906 expériences vécues
136,Zenitude Hôtel-Résidences Magny-les-Hameaux,"Tarif
€ 344","Magny-les-Hameaux


Indiquer sur la carte",Très bien,"8,3",87 expériences vécues
137,Les Carmes and spa,Personnes max.: 2,"Le Thor


Indiquer sur la carte",Superbe,"8,7",676 expériences vécues
138,Brit Hotel Confort Pau Lons,"Tarif
€ 653","Lons


Indiquer sur la carte",Superbe,"8,8",105 expériences vécues
139,Campanile Findrol - Savoie Leman,Personnes max.: 2,"Fillinges


Indiquer sur la carte",Superbe,"8,6",7 expériences vécues
140,La Perle d'Eze - Appart Hotel,"Tarif
€ 292","Èze


Indiquer sur la carte",Superbe,"8,8",657 expériences vécues
141,siros,Personnes max.: 2,"Iron


Indiquer sur la carte",Bien,"7,4",807 expériences vécues
142,Moxy Lille City,"Tarif
€ 338","Centre de Lille, Lille


Indiquer sur la carte



Proche du métro",Fabuleux,"9,4",132 expériences vécues
143,Hôtel Restaurant Kyriad Mulhouse Nord Illzach,Personnes max.: 2,"Illzach


Indiquer sur la carte",Superbe,"8,9",75 expériences vécues
144,Hôtel Le Niobel,"Tarif initial
€ 647
Tarif actuel
€ 551","Belgodère


Indiquer sur la carte",Bien,"7,9",545 expériences vécues
145,Les Lutins,Personnes max.: 2,"Sainte-Ruffine


Indiquer sur la carte",Très bien,"8,0",612 expériences vécues
146,Zenitude Hôtel-Résidences Les Portes d'Alsace,"Tarif
€ 299","Mutzig


Indiquer sur la carte",Bien,"7,9",960 expériences vécues
147,Logis Hôtel Les Pages,Personnes max.: 2,"Lunéville


Indiquer sur la carte",Fabuleux,"9,1",21 expériences vécues
148,Hotel le Faisan,"Tarif
€ 316","Saint-Avertin


Indiquer sur la carte",Exceptionnel,"9,5",193 expériences vécues
149,Les Chevreuils,Personnes max.: 2,"Monsac


Indiquer sur la carte",Bien,"7,5",776 expériences vécues
150,Hôtel O’Banel,"Tarif
€ 579","Gallargues-le-Montueux


Indiquer sur la carte",Bien,"7,2",268 expériences vécues
151,Les Jardins de Deauville,Personnes max.: 2,"Saint-Martin-aux-Chartrains


Indiquer sur la carte",Fabuleux,"9,3",275 expériences vécues
152,Hôtel de la Gare,"Tarif
€ 337","Surgères


Indiquer sur la carte",Très bien,"8,4",194 expériences vécues
153,Maison de ville au pied de la Montagne Noire,Personnes max.: 2,"Mazamet


Indiquer sur la carte",Superbe,"8,6",548 expériences vécues
154,Logis Auberge de la Truffe - Hotel de la Truffe,"Tarif
€ 317","Sorges


Indiquer sur la carte",Très bien,"8,5",226 expériences vécues
155,"Le Prieuré de Boulogne, Chambord",Personnes max.: 7,"Tour-en-Sologne


Indiquer sur la carte",Bien,"7,7",281 expériences vécues
156,Le Grand Hôtel des Bains,"Tarif
€ 453","Locquirec


Indiquer sur la carte",Superbe,"8,7",234 expériences vécues
157,Hôtel Saint - Pierre,Personnes max.: 2,"Villedieu-les-Poêles


Indiquer sur la carte",Très bien,"8,4",1 039 expériences vécues
158,Au Jardin D'Eloïse,"Tarif
€ 360","Tréméreuc


Indiquer sur la carte",Bien,"7,9",421 expériences vécues
159,Le Palace De Menthon,Personnes max.: 2,"Menthon-Saint-Bernard


Indiquer sur la carte",Très bien,"8,2",261 expériences vécues
160,Hôtel-Spa-Piscine Le Petit Castel Beuzeville-Honfleur,"Tarif
€ 370","Beuzeville


Indiquer sur la carte",Fabuleux,"9,1",190 expériences vécues
161,Château de Courban and Spa Nuxe,Personnes max.: 2,"Courban


Indiquer sur la carte",Exceptionnel,"9,7",95 expériences vécues
162,Hôtel Edward 1er,"Tarif
€ 2 808","Monpazier


Indiquer sur la carte",Bien,"7,3",1 118 expériences vécues
163,La Rose des Vents,Personnes max.: 2,"Saint-Germain-sur-Morin


Indiquer sur la carte",Bien,"7,9",90 expériences vécues
164,Résidence Château des Magnans by Popinns,"Tarif
€ 494","Jausiers


Indiquer sur la carte",Bien,"7,6",418 expériences vécues
165,L'Auberge du Petit Bonheur,Personnes max.: 2,"Le Verger


Indiquer sur la carte",Fabuleux,"9,3",30 expériences vécues
166,"L'ancolie ""Chalet Du Lac""","Tarif
€ 384","Cruseilles


Indiquer sur la carte",Bien,"7,4",352 expériences vécues
167,Les Chambres Collery,Personnes max.: 2,"Ay


Indiquer sur la carte",Bien,"7,8",456 expériences vécues
168,Hôtel Chastellares,"Tarif
€ 302","Auron


Indiquer sur la carte",Bien,"7,6",887 expériences vécues
169,Hôtel Grand Confort Le Moulin Rouge,Personnes max.: 2,"Terrasson


Indiquer sur la carte",Très bien,"8,2",688 expériences vécues
170,"Paese di Lava, Grand Ajaccio","Tarif
€ 382","Alata


Indiquer sur la carte",Bien,"7,6",299 expériences vécues
171,Hôtel L'ile Du Saussay,Personnes max.: 2,"Itteville


Indiquer sur la carte",Bien,"7,5",121 expériences vécues
172,Logis Lyon Est Porte de l'Ain,"Tarif
€ 683","Saint-Maurice-de-Beynost


Indiquer sur la carte",Très bien,"8,1",353 expériences vécues
173,Residence Funtanella,Personnes max.: 2,"Sagone


Indiquer sur la carte",Exceptionnel,"9,9",75 expériences vécues
174,L'Echo des Montagnes,"Tarif
€ 1 112","Armoy


Indiquer sur la carte",Bien,"7,9",212 expériences vécues
175,Le Gîte bleu,Personnes max.: 2,"Willgottheim


Indiquer sur la carte",Bien,"7,5",368 expériences vécues
176,Hotel Monte d'Oro,"Tarif
€ 238","Vizzavona


Indiquer sur la carte",Bien,"7,9",1 330 expériences vécues
177,Appart’City Toulouse Tournefeuille,"Choisissez votre devise.
Votre devise actuelle est celle-ci : Euro.","Tournefeuille


Indiquer sur la carte",Bien,"7,6",443 expériences vécues
178,Comfort Hotel Linas - Montlhery,"Choisissez votre langue.
Votre langue actuelle est celle-ci : Français.","Montlhéry


Indiquer sur la carte",Très bien,"8,3",1 028 expériences vécues
179,Hotel Le Village,Obtenez de l'aide concernant votre réservation,"Gif-sur-Yvette


Indiquer sur la carte",Superbe,"8,7",43 expériences vécues
180,Residhome Neuilly Bords De Marne,Personnes max.: 2,"Neuilly-Plaisance


Indiquer sur la carte",Superbe,"8,7",470 expériences vécues
181,La Maison des Prés Disney Paris,"Tarif
€ 426","Chambry


Indiquer sur la carte",Très bien,"8,2",871 expériences vécues
182,Hotel Les Deux Magots,Personnes max.: 2,"La Roche-Bernard


Indiquer sur la carte",Bien,"7,9",455 expériences vécues
183,Le Moulin Du Landion Hôtel et Spa,"Tarif
€ 938","Dolancourt


Indiquer sur la carte",Bien,"7,9",1 368 expériences vécues
184,Hôtel Espace Montclar,Vous recevrez un crédit de € 66 valable pendant 1 an. Il sera ajouté à votre Portefeuille 14 jours après votre départ de l'établissement.,"Montclar


Indiquer sur la carte",Bien,"7,8",902 expériences vécues
185,Kyriad Dijon Est - Quetigny,Personnes max.: 2,"Quetigny


Indiquer sur la carte",Exceptionnel,"9,5",167 expériences vécues
186,Résidence Vacancéole - Le Domaine des Grands Lacs,"Tarif
€ 320","Parentis-en-Born


Indiquer sur la carte",Superbe,"8,9",218 expériences vécues
187,Moulin de reigner,Personnes max.: 2,"Anché


Indiquer sur la carte",Très bien,"8,5",115 expériences vécues
188,La Mère Hamard,"Tarif
€ 295","Semblançay


Indiquer sur la carte",Bien,"7,6",668 expériences vécues
189,chambres d'hotes : La cour d'Etrepy,Personnes max.: 2,"Le Mesnil-sur-Oger


Indiquer sur la carte",Bien,"7,7",1 152 expériences vécues
190,Terres de France - Appart'Hotel le Splendid,"Tarif
€ 415","Allevard


Indiquer sur la carte",Bien,"7,9",578 expériences vécues
191,Alexain Hotel Restaurant & Wellness - Colmar Ouest,Vous recevrez un crédit de € 29 valable pendant 1 an. Il sera ajouté à votre Portefeuille 14 jours après votre départ de l'établissement.,"Trois-Épis


Indiquer sur la carte",Bien,"7,8",509 expériences vécues
192,Park Hotel Bellevue,Personnes max.: 2,"Trégastel


Indiquer sur la carte",Bien,"7,6",311 expériences vécues
193,Hotel De La Croisee,"Tarif
€ 594","Poncin


Indiquer sur la carte",Bien,"7,8",482 expériences vécues
194,Le Ruisseau,Vous recevrez un crédit de € 40 valable pendant 1 an. Il sera ajouté à votre Portefeuille 14 jours après votre départ de l'établissement.,"Saint-Mandé


Indiquer sur la carte



Proche du métro",Très bien,"8,2",1 069 expériences vécues
195,Residhome Bures La Guyonnerie,Personnes max.: 2,"Bures-sur-Yvette


Indiquer sur la carte",Superbe,"8,9",521 expériences vécues
196,Hotel Roi Soleil Strasbourg Aéroport,"Tarif
€ 392","Holtzheim


Indiquer sur la carte",Note,"6,9",848 expériences vécues
197,A CASA DI L'ALIVU,Personnes max.: 3,"Patrimonio


Indiquer sur la carte",Fabuleux,"9,2",68 expériences vécues
198,B&B Belfort Nord,"Tarif
€ 437","Bessoncourt


Indiquer sur la carte",Note,"6,7",1 299 expériences vécues
199,Chambre d'hôtes dans Mas près d'Avignon,Vous recevrez un crédit de € 28 valable pendant 1 an. Il sera ajouté à votre Portefeuille 14 jours après votre départ de l'établissement.,"Châteaurenard


Indiquer sur la carte",Note,"6,6",1 319 expériences vécues
200,Vacancéole - Résidence le Domaine du Lac,Personnes max.: 2,"Châteauneuf-sur-Isère


Indiquer sur la carte",Très bien,"8,0",790 expériences vécues
201,Vacancéole - Le Domaine de la Corniche - Deauville Sud,"Tarif
€ 535","Auberville


Indiquer sur la carte",Bien,"7,8",465 expériences vécues
202,Brit Hotel Marvejols,Vous recevrez un crédit de € 34 valable pendant 1 an. Il sera ajouté à votre Portefeuille 14 jours après votre départ de l'établissement.,"Marvejols


Indiquer sur la carte",Fabuleux,"9,1",72 expériences vécues
203,Le Vieux Relais,Personnes max.: 2,"Cosne-Cours-sur-Loire


Indiquer sur la carte",Superbe,"8,9",940 expériences vécues
204,La Costonnerie,"Tarif
€ 667","Leigné-sur-Usseau


Indiquer sur la carte",Très bien,"8,1",289 expériences vécues
205,Hôtel Mercure Bastia Biguglia & Spa,Personnes max.: 2,"Biguglia


Indiquer sur la carte",Très bien,"8,3",99 expériences vécues
206,Hotel Restaurant L'Escale,"Tarif
€ 392","Le Grau-dʼAgde


Indiquer sur la carte",Bien,"7,3",586 expériences vécues
207,Lenard Charles Bed & Breakfast,Personnes max.: 2,"Juvigny-sous-Andaine


Indiquer sur la carte",Très bien,"8,5",466 expériences vécues
208,Résidences Les Villages du Bachat (by Popinns),"Tarif
€ 682","Chamrousse


Indiquer sur la carte",Superbe,"8,8",1 364 expériences vécues
209,B&B Hôtel Igny Palaiseau,Vous recevrez un crédit de € 47 valable pendant 1 an. Il sera ajouté à votre Portefeuille 14 jours après votre départ de l'établissement.,"Igny


Indiquer sur la carte",Très bien,"8,5",286 expériences vécues
210,Relais de Chambord - Small Luxury Hotels of the World,Personnes max.: 2,"Chambord


Indiquer sur la carte",Fabuleux,"9,3",70 expériences vécues
211,Brit Hotel Confort Villeneuve Sur Lot,"Tarif
€ 358","Bias


Indiquer sur la carte",Très bien,"8,2",75 expériences vécues
212,Côté Vignes,Personnes max.: 2,"Vandeuil


Indiquer sur la carte",Très bien,"8,5",884 expériences vécues
213,SEJOURAIXLESBAINS-Epicurieux,"Tarif
€ 337","Aix-les-Bains


Indiquer sur la carte",Bien,"7,5",475 expériences vécues
214,Citotel Hotel des 2 Golfs,Personnes max.: 2,"Port Leucate


Indiquer sur la carte",Très bien,"8,3",514 expériences vécues
215,Logis Hôtel Les Tuileries,"Tarif
€ 435","Féy


Indiquer sur la carte",Très bien,"8,0",396 expériences vécues
216,Château De Saulon - Les Collectionneurs,Personnes max.: 2,"Saulon-la-Rue


Indiquer sur la carte",Exceptionnel,"9,5",193 expériences vécues
217,Hotel-Restaurant Le Vieux Moulin,"Tarif
€ 225","Centuri


Indiquer sur la carte",Bien,"7,5",776 expériences vécues
218,Hôtel O’Banel,Vous recevrez un crédit de € 16 valable pendant 1 an. Il sera ajouté à votre Portefeuille 14 jours après votre départ de l'établissement.,"Gallargues-le-Montueux


Indiquer sur la carte",Superbe,"8,6",1 159 expériences vécues
219,Les Jardins de Deauville,Personnes max.: 2,"Saint-Martin-aux-Chartrains


Indiquer sur la carte",Bien,"7,2",268 expériences vécues
220,Room Mate Alain - Champs-Elysées,"Tarif
€ 353","16e arr., Paris


Indiquer sur la carte



Proche du métro",Fabuleux,"9,3",275 expériences vécues
221,Hôtel de la Gare,Personnes max.: 2,"Surgères


Indiquer sur la carte",Très bien,"8,4",194 expériences vécues
222,Maison de ville au pied de la Montagne Noire,"Tarif
€ 448","Mazamet


Indiquer sur la carte",Superbe,"8,6",548 expériences vécues
223,Logis Auberge de la Truffe - Hotel de la Truffe,Personnes max.: 2,"Sorges


Indiquer sur la carte",Très bien,"8,0",759 expériences vécues
224,"Le Prieuré de Boulogne, Chambord","Tarif
€ 318","Tour-en-Sologne


Indiquer sur la carte",Bien,"7,5",213 expériences vécues
225,Najeti Hôtel Château Tilques,Personnes max.: 2,"Tilques


Indiquer sur la carte",Très bien,"8,3",97 expériences vécues
226,Hôtel restaurant U.Pozzu,"Tarif
€ 413","Sisco


Indiquer sur la carte",Superbe,"8,7",168 expériences vécues
227,Aux Couleurs de Neuvy,Personnes max.: 2,"Neuvy-Saint-Sépulchre


Indiquer sur la carte",Très bien,"8,1",325 expériences vécues
228,La Couronne,"Tarif
€ 650","Jougne


Indiquer sur la carte",Bien,"7,9",2 350 expériences vécues
229,HÔTEL LE CHAPON FIN,Vous recevrez un crédit de € 46 valable pendant 1 an. Il sera ajouté à votre Portefeuille 14 jours après votre départ de l'établissement.,"Moissac


Indiquer sur la carte",Bien,"7,3",493 expériences vécues
230,ibis budget Orange Centre,Personnes max.: 2,"Orange


Indiquer sur la carte",Bien,"7,8",117 expériences vécues
231,La Vieille Ferme,"Tarif
€ 515","Étupes


Indiquer sur la carte",Très bien,"8,2",186 expériences vécues
232,Le Faisan Dore,Vous recevrez un crédit de € 33 valable pendant 1 an. Il sera ajouté à votre Portefeuille 14 jours après votre départ de l'établissement.,"Fontenai-sur-Orne


Indiquer sur la carte",Très bien,"8,5",994 expériences vécues
233,Relais de la Source,Personnes max.: 2,"Saint-Seine-lʼAbbaye


Indiquer sur la carte",Bien,"7,4",1 038 expériences vécues
234,Ace Hotel Arras-Beaurains,"Tarif
€ 561","Beaurains


Indiquer sur la carte",Très bien,"8,1",164 expériences vécues
235,Chateau de Quinéville,Personnes max.: 2,"Quinéville


Indiquer sur la carte",Bien,"7,2",422 expériences vécues
236,auberge le relais,"Tarif
€ 539","Reuilly-Sauvigny


Indiquer sur la carte",Bien,"7,5",620 expériences vécues
237,Aparthotel Adagio Access Carrières Sous Poissy,Personnes max.: 2,"Carrières-sous-Poissy


Indiquer sur la carte",Fabuleux,"9,1",424 expériences vécues
238,"Le Cise, The Originals Relais (Relais du Silence)","Tarif
€ 306","Ault


Indiquer sur la carte",Très bien,"8,3",307 expériences vécues
239,Maison d'Hôtes La Ferme du Grand Air,"Choisissez votre devise.
Votre devise actuelle est celle-ci : Euro.","Fiennes


Indiquer sur la carte",Fabuleux,"9,1",345 expériences vécues
240,Le Pré du Moulin - Maison Alonso - Hôtel & Restaurant,"Choisissez votre langue.
Votre langue actuelle est celle-ci : Français.","Sérignan-du-Comtat


Indiquer sur la carte",Superbe,"8,6",85 expériences vécues
241,A la Grenouille du Jura,Obtenez de l'aide concernant votre réservation,"Bellignat


Indiquer sur la carte",Fabuleux,"9,2",226 expériences vécues
242,Locabreizh 22,Personnes max.: 2,"Plourivo


Indiquer sur la carte",Fabuleux,"9,4",80 expériences vécues
243,Maison d'hôtes Aux Deux Cigognes,"Tarif
€ 301","Gries


Indiquer sur la carte",Très bien,"8,1",1 516 expériences vécues
244,Chambre d'Hôtes Lo Componaïro,Personnes max.: 2,"Pouzols


Indiquer sur la carte",Fabuleux,"9,0",162 expériences vécues
245,Hôtel Gardenia Bordeaux Est,"Tarif
€ 412","Yvrac


Indiquer sur la carte",Note,"6,9",400 expériences vécues
246,Hôtel et Appart'Hôtel Restaurant L'Adray,Personnes max.: 2,"Longefoy


Indiquer sur la carte",Bien,"7,8",383 expériences vécues
247,Quintessia Resort et Spa,"Tarif
€ 608","Orvault


Indiquer sur la carte",Très bien,"8,3",465 expériences vécues
248,Lagrange Vacances Domaine de Val Queven,Personnes max.: 2,"Quéven


Indiquer sur la carte",Bien,"7,5",121 expériences vécues
249,Le Grand Aigle Hotel & Spa****,"Tarif
€ 580","La Salle-Les-Alpes


Indiquer sur la carte",Exceptionnel,"9,5",44 expériences vécues
250,Residence Funtanella,Personnes max.: 2,"Sagone


Indiquer sur la carte",Superbe,"8,8",630 expériences vécues
251,Chalet Les Prés,"Tarif
€ 308","Neubois


Indiquer sur la carte",Très bien,"8,1",353 expériences vécues
252,Najeti Hotel Lille Nord,Personnes max.: 2,"Bondues


Indiquer sur la carte",Fabuleux,"9,3",116 expériences vécues
253,L'Echo des Montagnes,"Tarif
€ 375","Armoy


Indiquer sur la carte",Bien,"7,6",101 expériences vécues
254,Lou cantou,Personnes max.: 2,"La Bourboule


Indiquer sur la carte",Bien,"7,0",480 expériences vécues
255,Madame Vacances Le Vermont,"Tarif
€ 352","Valmeinier


Indiquer sur la carte",Superbe,"8,9",631 expériences vécues
256,Kyriad Mulhouse Est - Lutterbach,Vous recevrez un crédit de € 23 valable pendant 1 an. Il sera ajouté à votre Portefeuille 14 jours après votre départ de l'établissement.,"Lutterbach


Indiquer sur la carte",Bien,"7,3",1 006 expériences vécues
257,Hôtel Saint-Georges,Personnes max.: 2,"Saint-Jean-de-Maurienne


Indiquer sur la carte",Très bien,"8,5",334 expériences vécues
258,Le Neoulous,"Tarif
€ 433","Le Boulou


Indiquer sur la carte",Bien,"7,4",237 expériences vécues
259,"The Originals City, Hôtel Aster, Saint-Avold Nord (Inter-Hotel)",Personnes max.: 2,"Creutzwald-la-Croix


Indiquer sur la carte",Superbe,"8,7",236 expériences vécues
260,Hôtel du Midi,"Tarif
€ 371","Domène


Indiquer sur la carte",Bien,"7,7",1 062 expériences vécues
261,Le violet,Personnes max.: 2,"Gaillac


Indiquer sur la carte",Fabuleux,"9,2",344 expériences vécues
262,Vacancéole - Résidence Grand Massif,"Tarif
€ 362","Morillon


Indiquer sur la carte",Très bien,"8,1",1 153 expériences vécues
263,Le Domaine des Vanneaux Golf et Spa Mgallery,Personnes max.: 2,"LʼIsle-Adam


Indiquer sur la carte",Très bien,"8,0",101 expériences vécues
264,Ibis Belfort Danjoutin,"Tarif
€ 595","Danjoutin


Indiquer sur la carte",Fabuleux,"9,2",365 expériences vécues
265,LE MAS DE FANNY,Personnes max.: 2,"Chantemerle-lès-Grignan


Indiquer sur la carte",Fabuleux,"9,3",102 expériences vécues
266,Hôtel Restaurant Le Monêtier,"Tarif
€ 433","Le Monêtier-les-Bains


Indiquer sur la carte",Très bien,"8,3",256 expériences vécues
267,Le Feneau Maison d'hôtes avec jacuzzi,Personnes max.: 2,"Creuzier-le-Neuf


Indiquer sur la carte",Très bien,"8,5",689 expériences vécues
268,Hotel Air-lane,"Tarif
€ 363","Saint-Léger-sous-Brienne


Indiquer sur la carte",Très bien,"8,2",272 expériences vécues
269,Castel Maintenon Hôtel Restaurant & Spa,Personnes max.: 2,"Maintenon


Indiquer sur la carte",Superbe,"8,9",272 expériences vécues
270,Comfort Suites Pau Idron,"Tarif
€ 535","Idron


Indiquer sur la carte",Superbe,"8,6",481 expériences vécues
271,Le Clair de la Plume - Les Collectionneurs,Personnes max.: 2,"Grignan


Indiquer sur la carte",Très bien,"8,4",305 expériences vécues
272,Hôtel Terranostra,"Tarif
€ 350","Tarascon-sur-Ariège


Indiquer sur la carte",Fabuleux,"9,1",121 expériences vécues
273,Hôtel les Buttes,Personnes max.: 2,"Ventron


Indiquer sur la carte",Fabuleux,"9,1",345 expériences vécues
274,Victoria Palace Hotel,"Tarif
€ 813","6e arr., Paris


Indiquer sur la carte



Proche du métro",Superbe,"8,6",85 expériences vécues
275,A la Grenouille du Jura,Personnes max.: 2,"Bellignat


Indiquer sur la carte",Fabuleux,"9,2",226 expériences vécues
276,Locabreizh 22,"Tarif
€ 1 084","Plourivo


Indiquer sur la carte",Fabuleux,"9,4",80 expériences vécues
277,Maison d'hôtes Aux Deux Cigognes,Vous recevrez un crédit de € 74 valable pendant 1 an. Il sera ajouté à votre Portefeuille 14 jours après votre départ de l'établissement.,"Gries


Indiquer sur la carte",Très bien,"8,5",19 expériences vécues
278,Chambre d'Hôtes Lo Componaïro,Personnes max.: 2,"Pouzols


Indiquer sur la carte",Très bien,"8,1",1 516 expériences vécues
279,Gîte de La Bicyclette,"Tarif
€ 829","Montournais


Indiquer sur la carte",Fabuleux,"9,0",162 expériences vécues
280,Hôtel Gardenia Bordeaux Est,Personnes max.: 4,"Yvrac


Indiquer sur la carte",Fabuleux,"9,0",217 expériences vécues
281,Hôtel et Appart'Hôtel Restaurant L'Adray,"Tarif
€ 606","Longefoy


Indiquer sur la carte",Note,"6,9",400 expériences vécues
282,Sarlat.Catalina,Personnes max.: 2,"Sarlat-la-Caneda Historic Center, Sarlat-la-Canéda


Indiquer sur la carte",Bien,"7,8",383 expériences vécues
283,Quintessia Resort et Spa,"Tarif
€ 445","Orvault


Indiquer sur la carte",Très bien,"8,3",465 expériences vécues
284,Lagrange Vacances Domaine de Val Queven,Personnes max.: 2,"Quéven


Indiquer sur la carte",Très bien,"8,3",310 expériences vécues
285,Le Grand Aigle Hotel & Spa****,"Tarif
€ 724","La Salle-Les-Alpes


Indiquer sur la carte",Bien,"7,3",218 expériences vécues
286,Le Heron Cendré,Vous recevrez un crédit de € 50 valable pendant 1 an. Il sera ajouté à votre Portefeuille 14 jours après votre départ de l'établissement.,"La Tremblade


Indiquer sur la carte",Superbe,"8,7",900 expériences vécues
287,Hôtel restaurant l'Estuaire Tréguier,Personnes max.: 4,"Tréguier


Indiquer sur la carte",Fabuleux,"9,0",147 expériences vécues
288,Fontevraud L'Hôtel,"Tarif
€ 1 084","Fontevraud-l'Abbaye


Indiquer sur la carte",Bien,"7,8",733 expériences vécues
289,Château de Sanse,Personnes max.: 2,"Sainte-Radegonde


Indiquer sur la carte",Bien,"7,4",4 910 expériences vécues
290,"Holiday Inn Paris-Versailles-Bougival, an IHG Hotel","Tarif
€ 393","Bougival


Indiquer sur la carte",Superbe,"8,8",388 expériences vécues
291,Premiere Classe Poitiers Futuroscope - Chasseneuil,Personnes max.: 2,"Chasseneuil-du-Poitou


Indiquer sur la carte",Très bien,"8,4",297 expériences vécues
292,La Grange en Champagne,"Tarif
€ 482","Hermonville


Indiquer sur la carte",Superbe,"8,8",440 expériences vécues
293,Les Jardins d'Epicure,Personnes max.: 2,"Bray-et-Lû


Indiquer sur la carte",Superbe,"8,7",55 expériences vécues
294,Manoir Le Cristal - Chambres au calme,"Tarif
€ 382","Beaumont


Indiquer sur la carte",Exceptionnel,"9,7",8 expériences vécues
295,La Magnanerie,"Choisissez votre devise.
Votre devise actuelle est celle-ci : Euro.","Suze-la-Rousse


Indiquer sur la carte",Superbe,"8,7",145 expériences vécues
296,Grand studio avec piscine et vue mer panoramique,"Choisissez votre langue.
Votre langue actuelle est celle-ci : Français.","Vallauris


Indiquer sur la carte",Très bien,"8,3",476 expériences vécues
297,Hotel Terriciaë,Obtenez de l'aide concernant votre réservation,"Mouriès


Indiquer sur la carte",Fabuleux,"9,2",49 expériences vécues
298,Auberge des Deux Rivières,Personnes max.: 2,"Seix


Indiquer sur la carte",Très bien,"8,1",374 expériences vécues
299,Maison de Gare,"Tarif
€ 990","Tombeboeuf


Indiquer sur la carte",Fabuleux,"9,2",289 expériences vécues
300,Hotel De France,Personnes max.: 2,"Montargis


Indiquer sur la carte",Très bien,"8,3",522 expériences vécues
301,Auberge Le Meisenberg,"Tarif
€ 301","Châtenois


Indiquer sur la carte",Très bien,"8,0",76 expériences vécues
302,B&B Hôtel Saint-Denis Porte de Paris,Personnes max.: 2,"Saint-Denis


Indiquer sur la carte",Fabuleux,"9,2",220 expériences vécues
303,Lagrange Grand Bleu Vacances – Résidence Le Mas de Torreilles,"Tarif
€ 385","Torreilles


Indiquer sur la carte",Très bien,"8,0",282 expériences vécues
304,B&B Le Clos du Phare,Personnes max.: 2,"Saint-Samson-de-la-Roque


Indiquer sur la carte",Bien,"7,1",946 expériences vécues
305,Châtellerie De Schoebeque,"Tarif
€ 443","Cassel


Indiquer sur la carte",Superbe,"8,6",390 expériences vécues
306,B&B Hôtel Cannes La Bocca Plage,Personnes max.: 2,"Cannes La Bocca, Cannes


Indiquer sur la carte",Superbe,"8,7",441 expériences vécues
307,Grand Hôtel & Spa NUXE Serre Chevalier,"Tarif
€ 337","Saint-Chaffrey


Indiquer sur la carte",Fabuleux,"9,4",233 expériences vécues
308,Le Pigalle Hotel,Personnes max.: 2,"9e arr., Paris


Indiquer sur la carte



Proche du métro",Fabuleux,"9,4",435 expériences vécues
309,Au Nid de la Madeleine,"Tarif
€ 459","Gaillac


Indiquer sur la carte",Très bien,"8,5",248 expériences vécues
310,Beatrice,Personnes max.: 6,"Ver-sur-Mer


Indiquer sur la carte",Fabuleux,"9,0",190 expériences vécues
311,Maison Carmen Auberge à La Ferme,"Tarif
€ 1 269","Xertigny


Indiquer sur la carte",Fabuleux,"9,1",9 expériences vécues
312,Hôtel LAPIAZ & Spa - FLAINE,Vous recevrez un crédit de € 88 valable pendant 1 an. Il sera ajouté à votre Portefeuille 14 jours après votre départ de l'établissement.,"Flaine


Indiquer sur la carte",Très bien,"8,3",800 expériences vécues
313,O LOFT,Personnes max.: 2,"Audincourt


Indiquer sur la carte",Fabuleux,"9,3",85 expériences vécues
314,Hotel La Montagne,"Tarif
€ 571","La Clusaz


Indiquer sur la carte",Superbe,"8,8",87 expériences vécues
315,Vue du Château d'Excideuil,Personnes max.: 4,"Excideuil


Indiquer sur la carte",Fabuleux,"9,1",171 expériences vécues
316,Auberge des Myrtilles,"Tarif
€ 556","Saint-Bonnet-le-Froid


Indiquer sur la carte",Bien,"7,9",316 expériences vécues
317,Du Côté Des Olivades,Vous recevrez un crédit de € 38 valable pendant 1 an. Il sera ajouté à votre Portefeuille 14 jours après votre départ de l'établissement.,"Paradou


Indiquer sur la carte",Très bien,"8,0",2 033 expériences vécues
318,Hotel des voyageurs Chez Betty,Personnes max.: 2,"Neussargues-Moissac


Indiquer sur la carte",Bien,"7,6",195 expériences vécues
319,Campanile Nancy Centre - Gare,"Tarif
€ 346","Nancy City Centre, Nancy


Indiquer sur la carte",Très bien,"8,4",1 098 expériences vécues
320,Hostellerie de Varennes,Personnes max.: 2,"Varennes-Jarcy


Indiquer sur la carte",Superbe,"8,7",324 expériences vécues
321,Hôtel Le Cheval Blanc,"Tarif
€ 804","Jossigny


Indiquer sur la carte",Fabuleux,"9,4",254 expériences vécues
322,Aux 13 Arches,Personnes max.: 2,"Portbail


Indiquer sur la carte",Très bien,"8,5",1 521 expériences vécues
323,Ecuries de Saint Maurice- Maison d'hôtes de Gondou,"Tarif
€ 386","Lacapelle-Marival


Indiquer sur la carte",Superbe,"8,7",55 expériences vécues
324,Atipik Hôtel Alexandra,Personnes max.: 2,"Centre-ville d'Annecy, Annecy


Indiquer sur la carte",Superbe,"8,7",381 expériences vécues
325,La Magnanerie,"Tarif
€ 803","Suze-la-Rousse


Indiquer sur la carte",Exceptionnel,"9,7",8 expériences vécues
326,Château De Massillan,Personnes max.: 2,"Uchaux


Indiquer sur la carte",Superbe,"8,7",145 expériences vécues
327,Grand studio avec piscine et vue mer panoramique,"Tarif
€ 349","Vallauris


Indiquer sur la carte",Très bien,"8,3",476 expériences vécues
328,Hotel Terriciaë,Personnes max.: 2,"Mouriès


Indiquer sur la carte",Fabuleux,"9,2",49 expériences vécues
329,Auberge des Deux Rivières,"Tarif
€ 392","Seix


Indiquer sur la carte",Superbe,"8,6",522 expériences vécues
330,Maison de Gare,Personnes max.: 2,"Tombeboeuf


Indiquer sur la carte",Très bien,"8,1",192 expériences vécues
331,Chambre d'Hôtes L'Ambroise,"Tarif
€ 398","Troyes


Indiquer sur la carte",Superbe,"8,6",124 expériences vécues
332,Hôtel du Fort,Personnes max.: 2,"Meulan-en-Yvelines


Indiquer sur la carte",Superbe,"8,7",173 expériences vécues
333,Mas de Bellegou Bed and Breakfast,"Tarif
€ 278","Portiragnes


Indiquer sur la carte",Très bien,"8,4",68 expériences vécues
334,Hôtel du Donjon,Vous recevrez un crédit de € 19 valable pendant 1 an. Il sera ajouté à votre Portefeuille 14 jours après votre départ de l'établissement.,"Aulnay


Indiquer sur la carte",Fabuleux,"9,0",10 expériences vécues
335,Le Patronage,Personnes max.: 2,"Bazoges-en-Pareds


Indiquer sur la carte",Très bien,"8,1",374 expériences vécues
336,Location PRAPOUTEL les 7 Laux,"Tarif
€ 499","Les Adrets


Indiquer sur la carte",Fabuleux,"9,2",289 expériences vécues
337,Hotel De France,Personnes max.: 2,"Montargis


Indiquer sur la carte",Très bien,"8,3",522 expériences vécues
338,Auberge Le Meisenberg,"Tarif
€ 297","Châtenois


Indiquer sur la carte",Très bien,"8,0",76 expériences vécues
339,B&B Hôtel Saint-Denis Porte de Paris,Personnes max.: 2,"Saint-Denis


Indiquer sur la carte",Fabuleux,"9,2",220 expériences vécues
340,Lagrange Grand Bleu Vacances – Résidence Le Mas de Torreilles,"Tarif
€ 670","Torreilles


Indiquer sur la carte",Très bien,"8,0",282 expériences vécues
341,B&B Le Clos du Phare,Personnes max.: 2,"Saint-Samson-de-la-Roque


Indiquer sur la carte",Bien,"7,1",946 expériences vécues
342,Châtellerie De Schoebeque,"Tarif
€ 368","Cassel


Indiquer sur la carte",Superbe,"8,6",390 expériences vécues
343,B&B Hôtel Cannes La Bocca Plage,Vous recevrez un crédit de € 25 valable pendant 1 an. Il sera ajouté à votre Portefeuille 14 jours après votre départ de l'établissement.,"Cannes La Bocca, Cannes


Indiquer sur la carte",Superbe,"8,7",441 expériences vécues
344,Grand Hôtel & Spa NUXE Serre Chevalier,Personnes max.: 2,"Saint-Chaffrey


Indiquer sur la carte",Fabuleux,"9,4",233 expériences vécues
345,Le Pigalle Hotel,"Tarif
€ 323","9e arr., Paris


Indiquer sur la carte



Proche du métro",Fabuleux,"9,4",435 expériences vécues
346,Au Nid de la Madeleine,Personnes max.: 2,"Gaillac


Indiquer sur la carte",Très bien,"8,5",248 expériences vécues
347,Beatrice,"Tarif
€ 533","Ver-sur-Mer


Indiquer sur la carte",Fabuleux,"9,0",190 expériences vécues
348,Maison Carmen Auberge à La Ferme,Personnes max.: 5,"Xertigny


Indiquer sur la carte",Très bien,"8,4",406 expériences vécues
349,Hôtel LAPIAZ & Spa - FLAINE,"Tarif
€ 485","Flaine


Indiquer sur la carte",Bien,"7,4",67 expériences vécues
350,Rock Noir & Spa,Personnes max.: 2,"La Salle-Les-Alpes


Indiquer sur la carte",Superbe,"8,7",157 expériences vécues
351,Mobile home Kerlann,"Tarif
€ 419","Pont-Aven


Indiquer sur la carte",Très bien,"8,3",150 expériences vécues
352,Les Garrigues de la Vallée des Baux,Vous recevrez un crédit de € 29 valable pendant 1 an. Il sera ajouté à votre Portefeuille 14 jours après votre départ de l'établissement.,"Paradou


Indiquer sur la carte",Bien,"7,2",2 545 expériences vécues
353,La Bastide Du Bois Breant,"Choisissez votre devise.
Votre devise actuelle est celle-ci : Euro.","Maubec


Indiquer sur la carte",Superbe,"8,6",178 expériences vécues
354,Comfort Hotel Montlucon,"Choisissez votre langue.
Votre langue actuelle est celle-ci : Français.","Montluçon


Indiquer sur la carte",Bien,"7,8",1 407 expériences vécues
355,Chambres d'hôtes Au Bonheur Du Parc,Obtenez de l'aide concernant votre réservation,"Le Breuil


Indiquer sur la carte",Très bien,"8,5",82 expériences vécues
356,Hôtel Vacances Bleues Provinces Opera,Personnes max.: 2,"10e arr., Paris


Indiquer sur la carte



Proche du métro",Fabuleux,"9,3",39 expériences vécues
357,Cosy Apparts Brive,"Tarif
€ 571","Brive-la-Gaillarde


Indiquer sur la carte",Fabuleux,"9,1",114 expériences vécues
358,Modern Nomads,Personnes max.: 2,"Thenon


Indiquer sur la carte",Bien,"7,2",848 expériences vécues
359,La Maison Du Bulot,"Tarif
€ 508","Fruges


Indiquer sur la carte",Fabuleux,"9,3",394 expériences vécues
360,ibis Lille Tourcoing Centre,Personnes max.: 2,"Tourcoing


Indiquer sur la carte



Proche du métro",Bien,"7,2",5 969 expériences vécues
361,Le jardin de Saint Jean,"Tarif
€ 320","Saint-Jean-aux-Bois


Indiquer sur la carte",Bien,"7,6",145 expériences vécues
362,Lagrange Apart'Hotel l’Escale Marine,Personnes max.: 2,"Centre-ville de La Rochelle, La Rochelle


Indiquer sur la carte",Très bien,"8,3",788 expériences vécues
363,La Longère du Parc,"Tarif
€ 336","Noyers-sur-Cher


Indiquer sur la carte",Bien,"7,6",1 467 expériences vécues
364,Best Western Plus Paris Saclay (ex: Val de Bièvre),Personnes max.: 2,"Saclay


Indiquer sur la carte",Superbe,"8,7",121 expériences vécues
365,Vacancéole - Les Jardins de Balnéa,"Tarif
€ 486","Loudenvielle


Indiquer sur la carte",Très bien,"8,3",93 expériences vécues
366,Appart’City Confort St Quentin en Yvelines,Personnes max.: 2,"Bois-dʼArcy


Indiquer sur la carte",Superbe,"8,7",100 expériences vécues
367,Chambres d'Hôtes la Baudrière,"Tarif
€ 692","Livaie


Indiquer sur la carte",Très bien,"8,0",1 596 expériences vécues
368,Aux Augustins,Personnes max.: 4,"Centre-ville d'Avignon, Avignon


Indiquer sur la carte",Bien,"7,4",2 411 expériences vécues
369,Kyriad Chartres,"Tarif
€ 2 277","Chartres


Indiquer sur la carte",Fabuleux,"9,3",653 expériences vécues
370,HotelF1 Rénové Bourges Le Subdray,Personnes max.: 2,"Bourges


Indiquer sur la carte",Très bien,"8,5",603 expériences vécues
371,Villa Arca,"Tarif
€ 319","Les Arcs-sur-Argens


Indiquer sur la carte",Exceptionnel,"9,5",103 expériences vécues
372,"Holiday Inn Lille Ouest Englos, an IHG Hotel",Personnes max.: 2,"Englos


Indiquer sur la carte",Exceptionnel,"9,5",275 expériences vécues
373,Le petit Radieux,"Tarif
€ 383","Gémozac


Indiquer sur la carte",Très bien,"8,2",2 851 expériences vécues
374,Maison De l'Aguze,Personnes max.: 2,"Saint-Pons


Indiquer sur la carte",Bien,"7,9",66 expériences vécues
375,"Holiday Inn Express Lille Centre, an IHG Hotel","Tarif
€ 800","Centre de Lille, Lille


Indiquer sur la carte



Proche du métro",Très bien,"8,5",113 expériences vécues
376,Hôtel Les Balcons Village,Personnes max.: 2,"Belle Plagne


Indiquer sur la carte",Très bien,"8,5",669 expériences vécues
377,Le Clos du Bois Joli,"Tarif
€ 545","Lagnieu


Indiquer sur la carte",Très bien,"8,3",71 expériences vécues
378,Brit Hotel Du Parc,Personnes max.: 2,"Dinard


Indiquer sur la carte",Bien,"7,0",362 expériences vécues
379,Autour Du Petit Paradis,"Tarif
€ 1 112","Centre-ville d'Avignon, Avignon


Indiquer sur la carte",Superbe,"8,7",122 expériences vécues
380,Hôtel des Pins,Personnes max.: 2,"Jullouville


Indiquer sur la carte",Superbe,"8,6",99 expériences vécues
381,La Grange,"Tarif
€ 612","Vouzon


Indiquer sur la carte",Très bien,"8,0",2 639 expériences vécues
382,Flopre chambre d'hote,Personnes max.: 2,"Flocourt


Indiquer sur la carte",Fabuleux,"9,2",18 expériences vécues
383,Best Western Hotel International,"Tarif
€ 435","Centre-ville d'Annecy, Annecy


Indiquer sur la carte",Bien,"7,1",133 expériences vécues
384,Wisteria & Jasmine,Personnes max.: 4,"Génouillé


Indiquer sur la carte",Très bien,"8,0",9 942 expériences vécues
385,Résidence Le Mas Blanc by Popinns,"Tarif
€ 439","Alénya


Indiquer sur la carte",Bien,"7,5",796 expériences vécues
386,Toyoko INN Marseille Saint Charles,Personnes max.: 2,"Saint-Charles, Marseille


Indiquer sur la carte



Proche du métro",Très bien,"8,4",293 expériences vécues
387,Chambres d'hôtes et Gîte Felicidade,"Tarif
€ 255","Mer


Indiquer sur la carte",Superbe,"8,6",367 expériences vécues
388,Relais des castors,Personnes max.: 2,"Murat


Indiquer sur la carte",Très bien,"8,5",632 expériences vécues
389,Château De Villiers-Le-Mahieu,"Tarif
€ 670","Villiers-le-Mahieu


Indiquer sur la carte",Très bien,"8,5",55 expériences vécues
390,PoMo Hôtel & Restaurant,Personnes max.: 2,"Échirolles


Indiquer sur la carte",Fabuleux,"9,3",3 expériences vécues
391,Hotel Marea,"Tarif
€ 1 008","Santa-Lucia-di-Moriani


Indiquer sur la carte",Très bien,"8,1",671 expériences vécues
392,Le Gîte de La Maison des Chats,Personnes max.: 2,"Saint-Amans-du-Pech


Indiquer sur la carte",Fabuleux,"9,3",111 expériences vécues
393,Hôtel Byakko Nice,"Tarif
€ 666","Centre-ville de Nice, Nice


Indiquer sur la carte",Très bien,"8,0",189 expériences vécues
394,Gîte et chambre d'hôtes La Petite Source,Personnes max.: 2,"Dabo


Indiquer sur la carte",Bien,"7,1",1 930 expériences vécues
395,Hotel Stella Marina,"Tarif
€ 362","Serriera


Indiquer sur la carte",Très bien,"8,1",492 expériences vécues
396,Kyriad Direct Saintes,Personnes max.: 2,"Saintes


Indiquer sur la carte",Superbe,"8,8",706 expériences vécues
397,Le Grand Monarque,"Tarif
€ 806","Melun


Indiquer sur la carte",Fabuleux,"9,1",278 expériences vécues
398,Hotel Le Caballin,Personnes max.: 2,"Vogelgrun


Indiquer sur la carte",Bien,"7,6",1 467 expériences vécues
399,O Lodge,"Tarif
€ 510","Cleppé


Indiquer sur la carte",Superbe,"8,7",121 expériences vécues
400,Vacancéole - Les Jardins de Balnéa,Personnes max.: 2,"Loudenvielle


Indiquer sur la carte",Très bien,"8,3",93 expériences vécues
401,Appart’City Confort St Quentin en Yvelines,"Tarif
€ 487","Bois-dʼArcy


Indiquer sur la carte",Note,"6,9",362 expériences vécues
402,Chambres d'Hôtes la Baudrière,Personnes max.: 5,"Livaie


Indiquer sur la carte",Superbe,"8,7",100 expériences vécues
403,Logis Hotel Le Saint Vincent Lyon Sud,"Tarif
€ 2 568","Vourles


Indiquer sur la carte",Très bien,"8,0",1 596 expériences vécues
404,Aux Augustins,Personnes max.: 3,"Centre-ville d'Avignon, Avignon


Indiquer sur la carte",Bien,"7,4",2 411 expériences vécues
405,Kyriad Chartres,"Tarif
€ 2 095","Chartres


Indiquer sur la carte",Fabuleux,"9,3",653 expériences vécues
406,HotelF1 Rénové Bourges Le Subdray,"Choisissez votre devise.
Votre devise actuelle est celle-ci : Euro.","Bourges


Indiquer sur la carte",Très bien,"8,5",603 expériences vécues
407,Villa Arca,"Choisissez votre langue.
Votre langue actuelle est celle-ci : Français.","Les Arcs-sur-Argens


Indiquer sur la carte",Exceptionnel,"9,5",103 expériences vécues
408,"Holiday Inn Lille Ouest Englos, an IHG Hotel",Obtenez de l'aide concernant votre réservation,"Englos


Indiquer sur la carte",Superbe,"8,6",339 expériences vécues
409,Le petit Radieux,Personnes max.: 2,"Gémozac


Indiquer sur la carte",Exceptionnel,"9,5",275 expériences vécues
410,CERISE Luxeuil Les Sources,"Tarif
€ 430","Luxeuil-les-Bains


Indiquer sur la carte",Superbe,"8,7",328 expériences vécues
411,Maison De l'Aguze,Vous recevrez un crédit de € 29 valable pendant 1 an. Il sera ajouté à votre Portefeuille 14 jours après votre départ de l'établissement.,"Saint-Pons


Indiquer sur la carte",Très bien,"8,0",35 expériences vécues
412,Le Dormeur,Personnes max.: 2,"Dorlisheim


Indiquer sur la carte",Bien,"7,8",164 expériences vécues
413,Hôtel Le Montana,"Tarif
€ 2 959","La Tania


Indiquer sur la carte",Exceptionnel,"9,6",10 expériences vécues
414,Club Vacances Bleues Les Alpes d'Azur,Personnes max.: 2,"La Salle-Les-Alpes


Indiquer sur la carte",Très bien,"8,0",241 expériences vécues
415,Gîte Le Toucan,"Tarif
€ 329","Quessoy


Indiquer sur la carte",Fabuleux,"9,1",283 expériences vécues
416,Domaine de Suzel,Personnes max.: 2,"Vignieu


Indiquer sur la carte",Très bien,"8,4",772 expériences vécues
417,Demeure de la Vignole,"Tarif
€ 401","Turquant


Indiquer sur la carte",Fabuleux,"9,3",18 expériences vécues
418,The People Hostel - Marseille,Personnes max.: 2,"Vieux Port - La Canebière, Marseille


Indiquer sur la carte



Proche du métro",Superbe,"8,9",784 expériences vécues
419,Capsule color deluxe I Balnéo I écran home cinéma I console de jeux,"Tarif
€ 405","Trith-Saint-Léger


Indiquer sur la carte",Bien,"7,0",2 349 expériences vécues
420,Le moulin,Personnes max.: 2,"La Plaine-sur-Mer


Indiquer sur la carte",Bien,"7,9",5 389 expériences vécues
421,Comfort Hotel Amiens Nord,"Tarif
€ 401","Amiens


Indiquer sur la carte",Bien,"7,6",878 expériences vécues
422,St Christopher's Inn Paris - Gare du Nord,Personnes max.: 2,"10e arr., Paris


Indiquer sur la carte



Proche du métro",Bien,"7,5",1 762 expériences vécues
423,ibis Paris Gare De L'Est TGV,"Tarif
€ 351","10e arr., Paris


Indiquer sur la carte



Proche du métro",Bien,"7,5",1 410 expériences vécues
424,"HÔTEL B&B Ville Active, parking sécurisé gratuit",Vous recevrez un crédit de € 23 valable pendant 1 an. Il sera ajouté à votre Portefeuille 14 jours après votre départ de l'établissement.,"Nîmes


Indiquer sur la carte",Fabuleux,"9,1",251 expériences vécues
425,Villa Bougainville by Happyculture,Personnes max.: 2,"Centre-ville de Nice, Nice


Indiquer sur la carte",Superbe,"8,6",1 145 expériences vécues
426,La haut,"Tarif
€ 333","Saverne


Indiquer sur la carte",Superbe,"8,7",259 expériences vécues
427,Hotel Le Relais Saint-Jacques,Personnes max.: 2,"Saint-Jean-de-Luz


Indiquer sur la carte",Superbe,"8,6",589 expériences vécues
428,Les Roches Fleuries,"Tarif
€ 950","Cordon


Indiquer sur la carte",Superbe,"8,9",3 254 expériences vécues
429,Hotel du Forum,Personnes max.: 2,"Carpentras


Indiquer sur la carte",Très bien,"8,3",1 062 expériences vécues
430,Hôtel des Halles,"Tarif
€ 500","Centre-ville de Dijon, Dijon


Indiquer sur la carte",Très bien,"8,5",554 expériences vécues
431,Le Green des Impressionnistes,Personnes max.: 2,"Ennery


Indiquer sur la carte",Bien,"7,1",658 expériences vécues
432,Soleil et Jardin,"Tarif
€ 327","Solaize


Indiquer sur la carte",Très bien,"8,3",260 expériences vécues
433,Adonis Excellior Grand Genève,Personnes max.: 2,"Veigy-Foncenex


Indiquer sur la carte",Très bien,"8,4",6 439 expériences vécues
434,Villa Azur Cap d'Ail,"Tarif
€ 232","Cap d'Ail


Indiquer sur la carte",Très bien,"8,3",3 695 expériences vécues
435,Comfort Hotel Strasbourg - Montagne Verte,Personnes max.: 2,"Strasbourg


Indiquer sur la carte",Fabuleux,"9,0",188 expériences vécues
436,Best Western Hotel Mediterranee Menton,"Tarif
€ 406","Old Town, Menton


Indiquer sur la carte",Fabuleux,"9,0",1 229 expériences vécues
437,Mas Les Cigales,Personnes max.: 2,"Roaix


Indiquer sur la carte",Fabuleux,"9,1",215 expériences vécues
438,Résidence Vacances Bleues Les Coteaux de Jonzac,"Tarif
€ 520","Jonzac


Indiquer sur la carte",Fabuleux,"9,0",71 expériences vécues
439,Sente des Vignes,Personnes max.: 2,"Hauteville


Indiquer sur la carte",Très bien,"8,2",460 expériences vécues
440,Les Hauts de Castets,"Tarif
€ 475","Castets


Indiquer sur la carte",Fabuleux,"9,1",243 expériences vécues
441,Le Village Insolite,Personnes max.: 2,"Saint-Benoît-des-Ondes


Indiquer sur la carte",Très bien,"8,1",917 expériences vécues
442,Chambre d 'hôtes Chez Manon et Hugo,"Tarif
€ 435","Béthune


Indiquer sur la carte",Bien,"7,8",5 741 expériences vécues
443,"The Originals City, Hôtel Le Sévigné, Rennes Gare (Inter-Hotel)",Personnes max.: 2,"Thabor - Saint-Hélier, Rennes


Indiquer sur la carte



Proche du métro",Très bien,"8,4",2 207 expériences vécues
444,Comfort Hotel Orléans Sud Co'met,"Tarif
€ 453","Orléans


Indiquer sur la carte",Fabuleux,"9,4",49 expériences vécues
445,Campanile Metz Centre - Gare,Personnes max.: 2,"Metz


Indiquer sur la carte",Superbe,"8,9",215 expériences vécues
446,Les chambres de Beauviel,"Tarif
€ 724","Saint-Jean-dʼEyraud


Indiquer sur la carte",Très bien,"8,5",6 expériences vécues
447,Fontclaire en Provence,Personnes max.: 2,"Uchaux


Indiquer sur la carte",Très bien,"8,5",14 275 expériences vécues
448,Brins de Magie,"Tarif
€ 327","Plésidy


Indiquer sur la carte",Très bien,"8,5",3 439 expériences vécues
449,B&B Hôtel,Personnes max.: 2,"Magny-le-Hongre


Indiquer sur la carte",Très bien,"8,5",708 expériences vécues
450,Les Piaules - Belleville,"Tarif
€ 593","11e arr., Paris


Indiquer sur la carte



Proche du métro",Bien,"7,3",1 635 expériences vécues
451,MEININGER Hotel Bordeaux Gare Saint-Jean,Personnes max.: 2,"Gare Saint-Jean, Bordeaux


Indiquer sur la carte",Fabuleux,"9,1",243 expériences vécues
452,Campanile Saumur,"Tarif
€ 332","Saumur


Indiquer sur la carte",Fabuleux,"9,4",18 expériences vécues
453,Domaine de Vandenesse & Spa,Personnes max.: 2,"Vandenesse-en-Auxois


Indiquer sur la carte",Note,"6,7",1 837 expériences vécues
454,"Maison cosy climatisée, jacuzzi, piscine chauffée","Tarif
€ 257","Eyzin-Pinet


Indiquer sur la carte",Bien,"7,9",2 374 expériences vécues
455,Kyriad Direct Annemasse - Genève,Personnes max.: 2,"Gaillard


Indiquer sur la carte",Très bien,"8,5",20 expériences vécues
456,ibis Styles Lille Centre Gare Beffroi,"Tarif
€ 279","Centre de Lille, Lille


Indiquer sur la carte



Proche du métro",Très bien,"8,3",518 expériences vécues
457,Résidence des Jardins,Personnes max.: 2,"Luchon


Indiquer sur la carte",Très bien,"8,0",1 173 expériences vécues
458,Vacancéole - Résidence Les Gorges Rouges,"Tarif
€ 232","Guillaumes


Indiquer sur la carte",Superbe,"8,7",179 expériences vécues
459,Hotel Les Oliviers,Personnes max.: 2,"Loriol-sur-Drôme


Indiquer sur la carte",Fabuleux,"9,3",508 expériences vécues
460,Webb's of Glomel,"Tarif
€ 368","Glomel


Indiquer sur la carte",Très bien,"8,4",1 498 expériences vécues
461,Domaine de Montboulard,"Choisissez votre devise.
Votre devise actuelle est celle-ci : Euro.","Soyaux


Indiquer sur la carte",Bien,"7,8",5 709 expériences vécues
462,Best Western Kemaris,"Choisissez votre langue.
Votre langue actuelle est celle-ci : Français.","Biarritz


Indiquer sur la carte",Superbe,"8,9",13 expériences vécues
463,ibis Styles Paris Bercy,Obtenez de l'aide concernant votre réservation,"12e arr., Paris


Indiquer sur la carte



Proche du métro",Très bien,"8,5",261 expériences vécues
464,Charmant Studio cabine vue sur pistes,Personnes max.: 2,"Les Angles


Indiquer sur la carte",Très bien,"8,0",66 expériences vécues
465,Villa Regalido,"Tarif
€ 266","Fontvieille


Indiquer sur la carte",Très bien,"8,3",3 997 expériences vécues
466,CHATEAU DE LA RICHERIE,Personnes max.: 2,"Beaurepaire


Indiquer sur la carte",Bien,"7,4",361 expériences vécues
467,"Holiday Inn Express Marseille Saint Charles, an IHG Hotel","Tarif
€ 278","Saint-Charles, Marseille


Indiquer sur la carte



Proche du métro",Très bien,"8,5",15 expériences vécues
468,Mercure Brive,Personnes max.: 2,"Ussac


Indiquer sur la carte",Bien,"7,5",173 expériences vécues
469,JARDIN DE CAMPAGNE,"Tarif
€ 344","Ully-Saint-Georges


Indiquer sur la carte",Superbe,"8,8",69 expériences vécues
470,Hotel d'Ostende,Personnes max.: 4,"Centre-ville de Nice, Nice


Indiquer sur la carte",Fabuleux,"9,3",71 expériences vécues
471,Le Clos bartholdi,"Tarif
€ 347","Centre-ville de Colmar, Colmar


Indiquer sur la carte",Bien,"7,4",2 903 expériences vécues
472,Suite hauteurs de Vichy,Personnes max.: 2,"Creuzier-le-Vieux


Indiquer sur la carte",Exceptionnel,"9,7",45 expériences vécues
